<favourites>
    <favourite name="Bob Unleashed" thumb="special://home/addons/plugin.video.bob.unleashed/icon.png" fanart="none">ActivateWindow(videos,&quot;plugin://plugin.video.bob.unleashed/?mode=get_list&amp;url=https%3A%2F%2Fpastebin.com%2Fraw%2Fxa8hFS9Z&amp;name=New+Releases&amp;iconimage=http%3A%2F%2F178.32.217.111%2Freloaded%2Ficons%2FMain%2FMain-New-Releases.png&amp;fanart=http%3A%2F%2F178.32.217.111%2Freloaded%2Fthemes%2Fspace%2Fspace3.jpg&amp;description=No+information+available&quot;,return)</favourite>
    <favourite name="Covenant" thumb="special://home/addons/plugin.video.covenant/icon.png" fanart="none">ActivateWindow(videos,&quot;plugin://plugin.video.covenant/?action=movieNavigator&quot;,return)</favourite>
    <favourite name="Death Streams" thumb="special://home/addons/plugin.video.blamo/icon.png" fanart="none">ActivateWindow(videos,&quot;plugin://plugin.video.blamo/?section=Movies&amp;mode=browse&quot;,return)</favourite>
    <favourite name="Elysium" thumb="special://home/addons/plugin.video.elysium/icon.png" fanart="none">ActivateWindow(videos,&quot;plugin://plugin.video.elysium/?action=movieNavigator&quot;,return)</favourite>
    <favourite name="All Movies (TheMovieDB)" thumb="special://home/addons/script.extendedinfo/icon.png" fanart="none">ActivateWindow(videos,&quot;plugin://script.extendedinfo?info=allmovies&quot;,return)</favourite>
    <favourite name="Maverick" thumb="special://home/addons/plugin.video.MaverickTV/icon.png" fanart="none">ActivateWindow(videos,&quot;plugin://plugin.video.MaverickTV/?url=http%3A%2F%2Fmavericktv.net%2Fdata%2Fquality%2Fquality.xml&amp;mode=1&amp;name=%5BCOLOR+lime%5D%5BB%5DMaverick+Movies%5B%2FB%5D%5B%2FCOLOR%5D&amp;iconimage=http%3A%2F%2Fmavericktv.net%2Fdata%2Ficons%2Fmovies.jpg&amp;fanart=https%3A%2F%2Fi.imgur.com%2FQdfZ1yk.jpg&quot;,return)</favourite>
    <favourite name="Metalliq" thumb="special://home/addons/plugin.video.metalliq/icon.png" fanart="none">ActivateWindow(videos,&quot;plugin://plugin.video.metalliq/movies&quot;,return)</favourite>
    <favourite name="Mobdina" thumb="special://home/addons/plugin.video.mobdina/icon.png" fanart="none">ActivateWindow(videos,&quot;plugin://plugin.video.mobdina?action=index&amp;query=category%2Fmovies&quot;,return)</favourite>
    <favourite name="Uk Turks" thumb="special://home/addons/plugin.video.ukturk/icon.png" fanart="none">ActivateWindow(videos,&quot;plugin://plugin.video.ukturk/?url=http%3A%2F%2Faddoncloud.org%2Fukturk%2FUKTurk%2Fmovies%2FIndex.txt&amp;mode=1&amp;name=Movies&amp;description=&amp;fanart=C%3A%5CUsers%5CRyan%5CDesktop%5CKodi+17.5%5Cportable_data%5Caddons%5Cplugin.video.ukturk%5Cfanart.jpg&amp;iconimage=http%3A%2F%2Faddoncloud.org%2Fukturk%2FUKTurk%2Fthumbs%2Fnew%2FUk%2520turk%2520thumbnails%2520movies1.jpg&quot;,return)</favourite>
    <favourite name="Wolfpack" thumb="special://home/addons/plugin.video.wolfpack/icon.png" fanart="none">ActivateWindow(videos,&quot;plugin://plugin.video.wolfpack/?action=directory&amp;url=http%3A%2F%2Fwolfpackcrew.co.uk%2Fseeddata%2Fwolfpackdata%2Fmovies%2520index.xml&amp;content=addons&quot;,return)</favourite>
    

	<favourite name="Falcon Project" thumb="special://home/addons/plugin.video.falconproject/icon.png" fanart="none">ActivateWindow(videos,&quot;plugin://plugin.video.falconproject/?action=directory&amp;content=addons&amp;url=http%3a%2f%2fajbuilds.uk%2ffalcon_project%2ffalcon_project_movies.xml&quot;,return)</favourite>
	<favourite name="Her Movies" thumb="special://home/media/hub icons/her.png" fanart="none">ActivateWindow(videos,&quot;plugin://plugin.video.falconproject/?action=directory&amp;content=0&amp;url=http%3a%2f%2fajbuilds.uk%2ffalcon_project%2fher_place_movies.xml&quot;,return)</favourite>
	<favourite name="Cairas Movies" thumb="special://home/media/hub icons/caira.png" fanart="none">ActivateWindow(videos,&quot;plugin://plugin.video.bob.unleashed/?description=No%20information%20available&amp;fanart=http%3a%2f%2f178.32.217.111%2freloaded%2fthemes%2fspace%2fspace6.jpg&amp;iconimage=http%3a%2f%2f178.32.217.111%2fcaira%2ficon%2fmain%2fMovies.png&amp;mode=get_list&amp;name=%5bB%5d%5bCOLOR%20deeppink%5dMovie%5bCOLOR%20white%5d%20Collection%5b%2fCOLOR%5d%5b%2fB%5d&amp;url=http%3a%2f%2fwww.norestrictions.club%2fcaira%2fmovies%2fmoviemenu.xml&quot;,return)</favourite>
	<favourite name="Griffs True Movies" thumb="special://home/media/hub icons/griff.png" fanart="none">ActivateWindow(videos,&quot;plugin://plugin.video.bob.unleashed/?description=No%20information%20available&amp;fanart=http%3a%2f%2f178.32.217.111%2freloaded%2fthemes%2fspace%2fspace1.jpg&amp;iconimage=http%3a%2f%2f178.32.217.111%2fgriff%2fIcons%2fTrue_Movies.png&amp;mode=get_list&amp;name=Griff%27s%20True%20Movies&amp;url=https%3a%2f%2fpastebin.com%2fraw%2fgmAPLjSn&quot;,return)</favourite>
	<favourite name="Thunder" thumb="special://home/media/hub icons/thunder.png" fanart="none">ActivateWindow(videos,&quot;plugin://plugin.video.bob.unleashed/?description=No%20information%20available&amp;fanart=http%3a%2f%2f178.32.217.111%2freloaded%2fthemes%2fspace%2fspace3.jpg&amp;iconimage=http%3a%2f%2f178.32.217.111%2fthunder%2fbobnewxmldone%2ficons%2fThunder-Movies.png&amp;mode=get_list&amp;name=Movies&amp;url=http%3a%2f%2fwww.norestrictions.club%2fthunder%2fbobnewxmldone%2fmovies%2fmovies.xml&quot;,return)</favourite>

	
	
	
	
	
	
	
    <favourite name="Pyramid" thumb="special://home/addons/plugin.video.thepyramid/icon.jpg" fanart="none">ActivateWindow(videos,&quot;plugin://plugin.video.thepyramid/?fanart=https%3a%2f%2farchive.org%2fdownload%2fpyramidnew%2fpyramidnew.jpg&amp;mode=1&amp;name=%5bB%5d%5bI%5d%5bCOLORyellow%5dMovie%20Zone%5b%2fB%5d%5b%2fI%5d%5b%2fCOLOR%5d&amp;url=http%3a%2f%2fpyramid.teamzt.seedr.io%2fpyramid%2fmoviezone.txt&quot;,return)</favourite>
    <favourite name="Monster Munch" thumb="special://home/addons/plugin.video.monstermunch/icon.png" fanart="none">ActivateWindow(videos,&quot;plugin://plugin.video.monstermunch/?url=http%3A%2F%2Fsteptoesplace.net%2Fserver%2Fallmovies.xml&amp;mode=1&amp;name=%5BCOLOR+blue%5D%2A%2AMOVIES%2A%2A%5B%2FCOLOR%5D&amp;fanart=http%3A%2F%2Fsteptoesplace.net%2Fpics%2Fmonster-munch-300x300.png&quot;,return)</favourite>
    <favourite name="Strictly HD" thumb="special://home/addons/plugin.video.spinzstrictlyhd/icon.png" fanart="none">ActivateWindow(videos,&quot;plugin://plugin.video.spinzstrictlyhd&quot;,return)</favourite>
    <favourite name="SupraBox" thumb="special://home/addons/plugin.video.suprabox/icon.png" fanart="none">ActivateWindow(videos,&quot;plugin://plugin.video.suprabox/?url=http%3A%2F%2Flookingglass.rocks%2Fjay77%2Fmbase.xml&amp;mode=1&amp;name=%5BB%5D%5BCOLOR+white%5DMOVIES%5B%2FCOLOR%5D%5BCOLOR+silver%5D%5B%2FB%5D%5B%2FCOLOR%5D&amp;description=&amp;fanart=http%3A%2F%2Fi.imgur.com%2F2DmTNUP.jpg&quot;,return)</favourite>
    <favourite name="StarTec" thumb="special://home/addons/plugin.video.StarTec/icon.png" fanart="none">ActivateWindow(videos,&quot;plugin://plugin.video.StarTec/?mode=get_list&amp;url=http%3A%2F%2Fgen-tec.co%2Fgentecwiz%2FPLEASE%2520SUBSCRIBE%2520TO%2520CHARLIE%2520TEC%2520YOUTUBE%2Fstar%2Fmovies%2Fmovies.xml&amp;name=%5BCOLOR+yellow%5DMovies%5B%2FCOLOR%5D&amp;iconimage=https%3A%2F%2Fwww.dropbox.com%2Fs%2Fqgowtyd2pl8ptbz%2Fmovies.png%3Fdl%3D1&amp;fanart=https%3A%2F%2Fi.imgur.com%2FfQtT7xT.jpg&amp;description=No+information+available&quot;,return)</favourite>
    <favourite name="Elektra Vault" thumb="special://home/addons/plugin.video.Elektra_Vault/icon.png" fanart="none">ActivateWindow(videos,&quot;plugin://plugin.video.Elektra_Vault&quot;,return)</favourite>
    <favourite name="Neptune Rising" thumb="special://home/addons/plugin.video.neptune/icon.png" fanart="none">ActivateWindow(videos,&quot;plugin://plugin.video.neptune&quot;,return)</favourite>
</favourites>