<favourites>
    <favourite name="Wolfpack" thumb="special://home/addons/plugin.video.wolfpack/icon.png" fanart="none">ActivateWindow(videos,&quot;plugin://plugin.video.wolfpack/?action=directory&amp;content=addons&amp;url=http%3a%2f%2fwolfpackcrew.co.uk%2fseeddata%2fwolfpackdata%2fKIDS.XML&quot;,return)</favourite>
    <favourite name="Falcon Project" thumb="special://home/addons/plugin.video.falconproject/icon.png" fanart="none">ActivateWindow(videos,&quot;plugin://plugin.video.falconproject/?action=directory&amp;content=addons&amp;url=http%3a%2f%2fajbuilds.uk%2ffalcon_project%2ffalcon_project_kids.xml&quot;,return)</favourite>
    <favourite name="Bobs Kids" thumb="special://home/addons/plugin.video.bob.unleashed/icon.png" fanart="none">ActivateWindow(videos,&quot;plugin://plugin.video.bob.unleashed/?description=No%20information%20available&amp;fanart=http%3a%2f%2f178.32.217.111%2freloaded%2fthemes%2fspace%2fspace6.jpg&amp;iconimage=http%3a%2f%2f178.32.217.111%2freloaded%2ficons%2fMain%2fMain-Kids.png&amp;mode=get_list&amp;name=Bob%27s%20Kids&amp;url=https%3a%2f%2fpastebin.com%2fraw%2fVHSGpGfM&quot;,return)</favourite>
    <favourite name="Cairas Kids" thumb="special://home/media/hub icons/caira.png" fanart="none">ActivateWindow(videos,&quot;plugin://plugin.video.bob.unleashed/?description=No%20information%20available&amp;fanart=http%3a%2f%2f178.32.217.111%2freloaded%2fthemes%2fspace%2fspace1.jpg&amp;iconimage=http%3a%2f%2f178.32.217.111%2fcaira%2ficon%2fmain%2fKids.png&amp;mode=get_list&amp;name=%5bB%5d%5bCOLOR%20deeppink%5dKids%5bCOLOR%20white%5d%20Section%5b%2fCOLOR%5d%5b%2fB%5d&amp;url=http%3a%2f%2fwww.norestrictions.club%2fcaira%2fKids%2fMainmenukids.xml&quot;,return)</favourite>
    <favourite name="Thunder Kids" thumb="http://178.32.217.111/thunder/bobnewxmldone/icons/Thunder-Kids.png" fanart="none">ActivateWindow(videos,&quot;plugin://plugin.video.bob.unleashed/?description=No%20information%20available&amp;fanart=http%3a%2f%2f178.32.217.111%2freloaded%2fthemes%2fspace%2fspace3.jpg&amp;iconimage=http%3a%2f%2f178.32.217.111%2fthunder%2fbobnewxmldone%2ficons%2fThunder-Kids.png&amp;mode=get_list&amp;name=Kids%20Zone&amp;url=http%3a%2f%2fwww.norestrictions.club%2fthunder%2fbobnewxmldone%2fkidsmenu.xml&quot;,return)</favourite>
    <favourite name="TNPB" thumb="special://home/media/hub icons/tnpb.png" fanart="none">ActivateWindow(videos,&quot;plugin://plugin.video.bob.unleashed/?description=No%20information%20available&amp;fanart=http%3a%2f%2fs6.postimg.org%2f4ph8mo5q9%2fBackdrop.png&amp;iconimage=http%3a%2f%2fs6.postimg.org%2fmvzjgehoh%2fKids.png&amp;mode=get_list&amp;name=%5bCOLOR%20orangered%5dK%5b%2fCOLOR%5d%5bCOLOR%20white%5dIDS%5b%2fCOLOR%5d&amp;url=http%3a%2f%2fwww.norestrictions.club%2ftnpb%2fDirectories%2fMain%2520Directory%2fKids%2520Main.xml&quot;,return)</favourite>
    <favourite name="Cartoons8" thumb="special://home/addons/plugin.video.cartoons8/icon.png" fanart="none">ActivateWindow(videos,&quot;plugin://plugin.video.cartoons8/&quot;,return)</favourite>
    <favourite name="Maverick Classic" thumb="http://mavericktv.net/data/icons/klassic.jpg" fanart="none">ActivateWindow(videos,&quot;plugin://plugin.video.MaverickTV/?fanart=http%3a%2f%2fwallpapercave.com%2fwp%2fV0V7FcT.jpg&amp;iconimage=http%3a%2f%2fmavericktv.net%2fdata%2ficons%2fklassic.jpg&amp;mode=1&amp;name=%5bCOLOR%20lime%5d%5bB%5dKlassic%20Kids%20TV%5b%2fB%5d%5b%2fCOLOR%5d&amp;url=http%3a%2f%2fmavericktv.net%2fdata%2flivetv%2fkidstv.xml&quot;,return)</favourite>
    <favourite name="ToonMania" thumb="special://home/addons/plugin.video.toonmania/icon.png" fanart="none">ActivateWindow(videos,&quot;plugin://plugin.video.toonmania/&quot;,return)</favourite>
    <favourite name="UK Turks" thumb="http://addoncloud.org/ukturk/UKTurk/thumbs/new/Uk%20turk%20thumbnails%20cartoons.jpg" fanart="none">ActivateWindow(videos,&quot;plugin://plugin.video.ukturk/?description&amp;fanart=C%3a%5cUsers%5cRyan%5cDesktop%5cKodi%2017.5%5cportable_data%5caddons%5cplugin.video.ukturk%5cfanart.jpg&amp;iconimage=http%3a%2f%2faddoncloud.org%2fukturk%2fUKTurk%2fthumbs%2fnew%2fUk%2520turk%2520thumbnails%2520cartoons.jpg&amp;mode=1&amp;name=Cartoons&amp;url=http%3a%2f%2faddoncloud.org%2fukturk%2fUKTurk%2fcartoons%2fIndex.txt&quot;,return)</favourite>
    <favourite name="WatchCartoonOnline" thumb="special://home/addons/plugin.video.watchcartoon_gw/icon.png" fanart="none">ActivateWindow(videos,&quot;plugin://plugin.video.watchcartoon_gw/&quot;,return)</favourite>
    <favourite name="BOOM!" thumb="special://home/addons/plugin.video.boomkids/icon.png" fanart="none">ActivateWindow(videos,&quot;plugin://plugin.video.boomkids&quot;,return)</favourite>
    <favourite name="Pyramid" thumb="special://home/media/hub icons/Pyramid.png" fanart="none">ActivateWindow(10025,&quot;plugin://plugin.video.thepyramid/?fanart=https%3a%2f%2farchive.org%2fdownload%2fpyramidnew%2fpyramidnew.jpg&amp;mode=1&amp;name=%5bB%5d%5bI%5d%5bCOLORorange%5dKids%20Zone%5b%2fB%5d%5b%2fI%5d%5b%2fCOLOR%5d&amp;url=http%3a%2f%2fpyramid.teamzt.seedr.io%2fpyramid%2fkidszone.txt&quot;,return)</favourite>
    <favourite name="Spinz Cartoon Crazy" thumb="special://home/addons/plugin.video.spinzcartooncrazy/icon.png" fanart="none">ActivateWindow(videos,&quot;plugin://plugin.video.spinzcartooncrazy&quot;,return)</favourite>
    <favourite name="Supremacy" thumb="image://http%3a%2f%2fstephen-builds.uk%2fart%2fkids%2520movies%25201.png/" fanart="none">ActivateWindow(videos,&quot;plugin://plugin.video.SkyNet/?url=http%3A%2F%2Fstephen-builds.uk%2Fsupremacy%2FKid%27s%2520movies%2Fhome.txt&amp;mode=1&amp;name=%5BCOLOR+aqua%5DKid%27s+Movies%5B%2FCOLOR%5D&amp;iconimage=http%3A%2F%2Fstephen-builds.uk%2Fart%2Fkids%2520movies%25201.png&amp;fanart=http%3A%2F%2Fstephen-builds.uk%2Fart%2F20839702_10207884860798337_363786087_o.jpg&quot;,return)</favourite>
    <favourite name="Kid's Tv" thumb="image://http%3a%2f%2fstephen-builds.uk%2fart%2ficon%2520100.png/" fanart="none">ActivateWindow(videos,&quot;plugin://plugin.video.SkyNet/?url=http%3A%2F%2Fstephen-builds.uk%2Fsupremacy%2FKids%2520Tv%2FKids%2520Tv.xml&amp;mode=1&amp;name=%5BCOLOR+aqua%5DKid%27s+Tv%5B%2FCOLOR%5D&amp;iconimage=http%3A%2F%2Fstephen-builds.uk%2Fart%2Ficon%2520100.png&amp;fanart=http%3A%2F%2Fstephen-builds.uk%2Fart%2F20839702_10207884860798337_363786087_o.jpg&quot;,return)</favourite>
    <favourite name="Atom" thumb="special://home/addons/plugin.video.ATOM/icon.png" fanart="none">ActivateWindow(videos,&quot;plugin://plugin.video.ATOM/?url=http%3A%2F%2Fsupremacy.org.uk%2FATOM%2FKids-moives%2Fhome.txt&amp;mode=1&amp;name=%5BCOLOR+lime%5DKid%27s+Zone%5B%2FCOLOR%5D&amp;fanart=http%3A%2F%2Fmattsbuilds.esy.es%2Fimages%2Fcinema.jpg&quot;,return)</favourite>
</favourites>
