<?xml version="1.0" encoding="UTF-8" standalone="yes"?>
<addon id="repository.subzero" name=" [COLOR blue]SubZero Repo[/COLOR]" version="1.0.0" provider-name="Razer">
        <requires>
            <import addon="xbmc.addon" version="12.0.0"/>
        </requires>
		<extension point="xbmc.addon.repository" name="SubZero Repo">
			<info compressed="false">https://mysubzero.space/subzero/repodata/addons.xml</info>
			<checksum>https://mysubzero.space/subzero/repodata/addons.xml.md5</checksum>
			<datadir zip="true">https://mysubzero.space/subzero/repodata/addons/</datadir>
		</extension>
		<extension point="xbmc.addon.metadata">
			<summary>Home To The SubZero All In One Addon</summary>
			<description>KODI 17 AND ABOVE ONLY</description>
			<platform>all</platform>
		</extension>
</addon>