<?xml version="1.0" encoding="UTF-8" standalone="yes"?>
<addon id="script.module.covenant" name="Covenant Module" version="91.00.025" provider-name="Covenant, Ryski Mod">
	<requires>
		<import addon="xbmc.python" version="2.1.0" />
	</requires>
	<extension point="xbmc.python.module" library="lib" />
	<extension point="xbmc.addon.metadata">
		<platform>all</platform>
		<summary lang="en">Covenant</summary>
		<description lang="en">Modded to Allow Metalliq Playback</description>
	</extension>
</addon>
