<favourites>
    <favourite name="Poseidon" thumb="special://home/addons/plugin.video.poseidon/icon.png" fanart="none">ActivateWindow(videos,&quot;plugin://plugin.video.poseidon/?action=tvNavigator&quot;,return)</favourite>
    <favourite name="Wolfpack" thumb="special://home/addons/plugin.video.wolfpack/icon.png" fanart="none">ActivateWindow(videos,&quot;plugin://plugin.video.wolfpack/?action=directory&amp;content=addons&amp;url=http%3a%2f%2fwolfpackcrew.co.uk%2fseeddata%2fwolfpackdata%2ftv%2520shows%2520index.xml&quot;,return)</favourite>
    <favourite name="All TV-Shows [I](TheMovieDB)[/I]" thumb="special://home/addons/script.extendedinfo/icon.png" fanart="none">ActivateWindow(videos,&quot;plugin://script.extendedinfo/?info=alltvshows&quot;,return)</favourite>
    <favourite name="Falcon Project" thumb="special://home/addons/plugin.video.falconproject/icon.png" fanart="none">ActivateWindow(videos,&quot;plugin://plugin.video.falconproject/?action=directory&amp;content=addons&amp;url=http%3a%2f%2fajbuilds.uk%2ffalcon_project%2ffalcon_project_shows.xml&quot;,return)</favourite>
    <favourite name="BOB Unleashed" thumb="special://home/addons/plugin.video.bob.unleashed/icon.png" fanart="none">ActivateWindow(videos,&quot;plugin://plugin.video.bob.unleashed/?description=No%20information%20available&amp;fanart=http%3a%2f%2f178.32.217.111%2freloaded%2fthemes%2fspace%2fspace5.jpg&amp;iconimage=http%3a%2f%2f178.32.217.111%2freloaded%2ficons%2fMain%2famazingtv.png&amp;mode=get_list&amp;name=Amazing%20TV&amp;url=https%3a%2f%2fpastebin.com%2fraw%2fZDVrMAUL&quot;,return)</favourite>
    <favourite name="Griffs Classic TV" thumb="http://178.32.217.111/griff/Icons/Griff_80_TV.png" fanart="none">ActivateWindow(videos,&quot;plugin://plugin.video.bob.unleashed/?description=No%20information%20available&amp;fanart=http%3a%2f%2f178.32.217.111%2freloaded%2fthemes%2fspace%2fspace7.jpg&amp;iconimage=http%3a%2f%2f178.32.217.111%2fgriff%2fIcons%2fGriff_80_TV.png&amp;mode=get_list&amp;name=Griff%27s%20Classic%20TV&amp;url=https%3a%2f%2fpastebin.com%2fraw%2fB3vy9b2r&quot;,return)</favourite>
    <favourite name="Griffs Crime TV" thumb="http://178.32.217.111/reloaded/icons/Amazing%20TV/TV-Deez.png" fanart="none">ActivateWindow(videos,&quot;plugin://plugin.video.bob.unleashed/?description=No%20information%20available&amp;fanart=http%3a%2f%2f178.32.217.111%2freloaded%2fthemes%2fspace%2fspace7.jpg&amp;iconimage=http%3a%2f%2f178.32.217.111%2freloaded%2ficons%2fAmazing%2520TV%2fTV-Deez.png&amp;mode=get_list&amp;name=Griff%27s%20Crime%20TV&amp;url=https%3a%2f%2fpastebin.com%2fraw%2fqnvYp4q8&quot;,return)</favourite>
    <favourite name="TNPB" thumb="special://home/media/hub icons/tnpb.png" fanart="none">ActivateWindow(videos,&quot;plugin://plugin.video.bob.unleashed/?description=No%20information%20available&amp;fanart=http%3a%2f%2fs6.postimg.org%2f4ph8mo5q9%2fBackdrop.png&amp;iconimage=http%3a%2f%2fs6.postimg.org%2f4zor60kch%2fimage.png&amp;mode=get_list&amp;name=%5bCOLOR%20orangered%5dT%5b%2fCOLOR%5d%5bCOLOR%20white%5dV%5b%2fCOLOR%5d&amp;url=http%3a%2f%2fwww.norestrictions.club%2ftnpb%2fDirectories%2fMain%2520Directory%2fTV%2520Main.xml&quot;,return)</favourite>
    <favourite name="Covenant" thumb="special://home/addons/plugin.video.covenant/icon.png" fanart="none">ActivateWindow(videos,&quot;plugin://plugin.video.covenant/?action=tvNavigator&quot;,return)</favourite>
    <favourite name="Death Streams" thumb="special://home/addons/plugin.video.blamo/icon.png" fanart="none">ActivateWindow(videos,&quot;plugin://plugin.video.blamo/?mode=browse&amp;section=TV&quot;,return)</favourite>
    <favourite name="Elysium" thumb="special://home/addons/plugin.video.elysium/icon.png" fanart="none">ActivateWindow(videos,&quot;plugin://plugin.video.elysium/?action=tvNavigator&quot;,return)</favourite>
    <favourite name="Metalliq" thumb="special://home/addons/plugin.video.metalliq/icon.png" fanart="none">ActivateWindow(videos,&quot;plugin://plugin.video.metalliq/tv&quot;,return)</favourite>
    <favourite name="Supremacy Boxsets" thumb="special://home/media/hub icons/supr.jpg" fanart="none">ActivateWindow(videos,&quot;plugin://plugin.video.SkyNet/?fanart=http%3a%2f%2fstephen-builds.uk%2fart%2f20839702_10207884860798337_363786087_o.jpg&amp;iconimage=http%3a%2f%2fstephen-builds.uk%2fart%2ftv%2520shows%25201.png&amp;mode=1&amp;name=%5bCOLOR%20aqua%5dTVshows%5b%2fCOLOR%5d&amp;url=http%3a%2f%2fstephen-builds.uk%2fsupremacy%2ftv%2520shows%2fhome.txt&quot;,return)</favourite>
    <favourite name="Maverick Boxsets" thumb="special://home/addons/plugin.video.MaverickTV/icon.png" fanart="none">ActivateWindow(videos,&quot;plugin://plugin.video.SkyNet/?fanart=http%3a%2f%2fmavericktv.net%2fdata%2fskynetbg.jpg&amp;iconimage=http%3a%2f%2fmavericktv.net%2fdata%2fskyiconbox.png&amp;mode=1&amp;name=%5bCOLOR%20white%5dMaverick%20TV%20Boxsets%5b%2fCOLOR%5d&amp;url=http%3a%2f%2fmavericktv.net%2fdata%2fseries%2fseries.xml&quot;,return)</favourite>
    <favourite name="UK Turks" thumb="special://home/addons/plugin.video.ukturk/icon.png" fanart="none">ActivateWindow(videos,&quot;plugin://plugin.video.ukturk/?description&amp;fanart=C%3a%5cUsers%5cRyan%5cDesktop%5cKodi%2017.5%5cportable_data%5caddons%5cplugin.video.ukturk%5cfanart.jpg&amp;iconimage=http%3a%2f%2faddoncloud.org%2fukturk%2fUKTurk%2fthumbs%2fnew%2fUk%2520turk%2520thumbnails%2520tv%2520shows.jpg&amp;mode=1&amp;name=TV%20Shows&amp;url=http%3a%2f%2faddoncloud.org%2fukturk%2fUKTurk%2ftv%2520shows%2fIndex.txt&quot;,return)</favourite>
    <favourite name="Pyramid" thumb="special://home/addons/plugin.video.thepyramid/icon.jpg" fanart="none">ActivateWindow(10025,&quot;plugin://plugin.video.thepyramid/?fanart=https%3a%2f%2farchive.org%2fdownload%2fpyramidnew%2fpyramidnew.jpg&amp;mode=1&amp;name=%5bB%5d%5bI%5d%5bCOLORgreenyellow%5dTV%2fEntertainment%20Zone%5b%2fB%5d%5b%2fI%5d%5b%2fCOLOR%5d&amp;url=http%3a%2f%2fpyramid.teamzt.seedr.io%2fpyramid%2ftventertainment.txt&quot;,return)</favourite>
    <favourite name="Monster Munch" thumb="special://home/addons/plugin.video.monstermunch/icon.png" fanart="none">ActivateWindow(videos,&quot;plugin://plugin.video.monstermunch/?url=http%3A%2F%2Fsteptoesplace.net%2Fserver%2Ftvshows.xml&amp;mode=1&amp;name=%5BCOLOR+blue%5D%2A%2ATV+SHOWS%2A%2A%5B%2FCOLOR%5D&amp;fanart=http%3A%2F%2Fcountlessclassics.com%2Fwp-content%2Fuploads%2F2016%2F11%2FTv-Shows.png&quot;,return)</favourite>
    <favourite name="UKTV Play" thumb="special://home/addons/plugin.video.uktvplay/icon.png" fanart="none">ActivateWindow(videos,&quot;plugin://plugin.video.uktvplay&quot;,return)</favourite>
    <favourite name="SupraBox" thumb="special://home/addons/plugin.video.suprabox/icon.png" fanart="none">ActivateWindow(videos,&quot;plugin://plugin.video.suprabox/?url=http%3A%2F%2Flookingglass.rocks%2Fjay77%2Ftvshws.xml&amp;mode=1&amp;name=%5BB%5D%5BCOLOR+white%5DON%5B%2FCOLOR%5D%5BCOLOR+silver%5DTV%5B%2FB%5D%5B%2FCOLOR%5D&amp;description=&amp;fanart=http%3A%2F%2Fi.imgur.com%2F2DmTNUP.jpg&quot;,return)</favourite>
    <favourite name="StarTec" thumb="special://home/addons/plugin.video.StarTec/icon.png" fanart="none">ActivateWindow(videos,&quot;plugin://plugin.video.StarTec/?mode=get_list&amp;url=http%3A%2F%2Fgen-tec.co%2Fgentecwiz%2FPLEASE%2520SUBSCRIBE%2520TO%2520CHARLIE%2520TEC%2520YOUTUBE%2Fstar%2Ftvshows%2Ftvshowmain.xml&amp;name=%5BCOLOR+yellow%5DTV+Shows%5B%2FCOLOR%5D&amp;iconimage=https%3A%2F%2Fwww.dropbox.com%2Fs%2Fbp9250c8w576okz%2Ftv.png%3Fdl%3D1&amp;fanart=http%3A%2F%2Fi.imgur.com%2F5UPqUSK.jpg&amp;description=No+information+available&quot;,return)</favourite>
</favourites>
