<?xml version="1.0" encoding="UTF-8" standalone="yes"?>
<addon id="plugin.video.boomgold"
       name="[COLOR red]BOOM[/COLOR][COLOR gold]gold[/COLOR]"
       version="0.0.1"
       provider-name="Boom">
  <requires>
    <import addon="xbmc.python" version="2.1.0"/>
    <import addon="script.module.requests"/>
    <import addon="script.module.simplejson" version="0.0.1"/>
    <import addon="script.module.urlresolver"  version="0.0.1"/>
    <import addon="script.module.metahandler" version="0.0.1"/>
	<import addon="script.common.plugin.cache" version="0.0.1"/>
  </requires>
  <extension point="xbmc.python.pluginsource"
            library="default.py">
        <provides>video</provides>
  </extension>
  <extension point="xbmc.addon.metadata">
    <summary lang="en"></summary>
    <description lang="en"></description>
    <disclaimer lang="en">The author does not host or distribute any of the content displayed by this addon or have any affiliation with the website owners</disclaimer>
    <platform>all</platform>
  </extension>
</addon>
