<favourites>
    <favourite name="Live Premiership" thumb="special://home/addons/plugin.video.livepremiership/icon.png" fanart="none">RunAddon(plugin.video.livepremiership)</favourite>
    <favourite name="BOOM!" thumb="special://home/addons/plugin.video.boom/icon.png" fanart="none">RunAddon(plugin.video.boom)</favourite>
    <favourite name="Bob" thumb="special://home/addons/plugin.video.bob.unleashed/icon.png" fanart="none">ActivateWindow(videos,&quot;plugin://plugin.video.bob.unleashed/?description=No%20information%20available&amp;fanart=http%3a%2f%2f178.32.217.111%2freloaded%2fthemes%2fspace%2fspace2.jpg&amp;iconimage=http%3a%2f%2f178.32.217.111%2freloaded%2ficons%2fMain%2fMain-Sports.png&amp;mode=get_list&amp;name=Bob%20Sports&amp;url=http%3a%2f%2fwww.norestrictions.club%2fsports%2fbobsports.xml&quot;,return)</favourite>
    <favourite name="Griffs Sports" thumb="http://178.32.217.111/griff/Icons/Griff.png" fanart="none">ActivateWindow(videos,&quot;plugin://plugin.video.bob.unleashed/?description=No%20information%20available&amp;fanart=http%3a%2f%2f178.32.217.111%2freloaded%2fthemes%2fspace%2fspace3.jpg&amp;iconimage=http%3a%2f%2f178.32.217.111%2fgriff%2fIcons%2fGriff.png&amp;mode=get_list&amp;name=Griff%27s%20Sports&amp;url=https%3a%2f%2fpastebin.com%2fraw%2fzpHFvcL9&quot;,return)</favourite>
    <favourite name="Shepo" thumb="http://178.32.217.111/reloaded/icons/Main/Main-Shepo.png" fanart="none">ActivateWindow(videos,&quot;plugin://plugin.video.bob.unleashed/?description=No%20information%20available&amp;fanart=http%3a%2f%2f178.32.217.111%2freloaded%2fthemes%2fspace%2fspace7.jpg&amp;iconimage=http%3a%2f%2f178.32.217.111%2freloaded%2ficons%2fMain%2fMain-Shepo.png&amp;mode=get_list&amp;name=Shepo&amp;url=http%3a%2f%2fwww.norestrictions.club%2fshepo%2fbase.xml&quot;,return)</favourite>
    <favourite name="Made In Canada IPTV" thumb="special://home/\addons\plugin.video.mic\icon.png" fanart="none">RunAddon(plugin.video.mic)</favourite>
    <favourite name="Maverick Sports" thumb="http://mavericktv.net/data/icons/sports.jpg" fanart="none">ActivateWindow(videos,&quot;plugin://plugin.video.MaverickTV/?fanart=http%3a%2f%2fwww.soccerdatabase.info%2fwp-content%2fgallery%2fWembley%2fWembley-Stadium-Wallpaper-HD.jpg&amp;iconimage=http%3a%2f%2fmavericktv.net%2fdata%2ficons%2fsports.jpg&amp;mode=1&amp;name=%5bCOLOR%20lime%5d%5bB%5dMaverick%20Sports%5b%2fB%5d%5b%2fCOLOR%5d&amp;url=http%3a%2f%2fmavericktv.net%2fdata%2fsports%2fsports.xml&quot;,return)</favourite>
    <favourite name="Pro Sport" thumb="special://home/\addons\plugin.video.prosport\icon.png" fanart="none">RunAddon(plugin.video.prosport)</favourite>
    <favourite name="Skynet" thumb="http://mavericktv.net/data/skyiconspor.png" fanart="none">ActivateWindow(videos,&quot;plugin://plugin.video.SkyNet/?fanart=http%3a%2f%2fmavericktv.net%2fdata%2fskynetbg.jpg&amp;iconimage=http%3a%2f%2fmavericktv.net%2fdata%2fskyiconspor.png&amp;mode=1&amp;name=%5bCOLOR%20white%5dSkynet%20Sports%5b%2fCOLOR%5d&amp;url=http%3a%2f%2fmavericktv.net%2fdata%2fhome%2fskynet%2fsports.xml&quot;,return)</favourite>
    <favourite name="SportsDevil" thumb="special://home/\addons\plugin.video.SportsDevil\icon.png" fanart="none">RunAddon(plugin.video.SportsDevil)</favourite>
    <favourite name="UK Turks" thumb="special://home/addons/plugin.video.ukturk/icon.png" fanart="none">ActivateWindow(videos,&quot;plugin://plugin.video.ukturk/?description&amp;fanart=C%3a%5cUsers%5cRyan%5cDesktop%5cKodi%2017.5%5cportable_data%5caddons%5cplugin.video.ukturk%5cfanart.jpg&amp;iconimage=http%3a%2f%2faddoncloud.org%2fukturk%2fUKTurk%2fthumbs%2fnew%2fUk%2520turk%2520thumbnails%2520sports.jpg&amp;mode=1&amp;name=Sports&amp;url=http%3a%2f%2faddoncloud.org%2fukturk%2fUKTurk%2fSportsList.txt&quot;,return)</favourite>
    <favourite name="The Loop" thumb="special://home/addons/plugin.video.theloop/icon.png" fanart="none">ActivateWindow(videos,&quot;plugin://plugin.video.the-loop&quot;,return)</favourite>
    <favourite name="Sport Zone" thumb="special://home/addons/plugin.video.thepyramid/icon.jpg" fanart="none">ActivateWindow(videos,&quot;plugin://plugin.video.thepyramid/?url=http%3A%2F%2Fpyramid.teamzt.seedr.io%2Fpyramid%2Fsport.txt&amp;mode=1&amp;name=%5BB%5D%5BI%5D%5BCOLORtomato%5DSport+Zone%5B%2FB%5D%5B%2FI%5D%5B%2FCOLOR%5D&amp;fanart=https%3A%2F%2Farchive.org%2Fdownload%2Fpyramidnew%2Fpyramidnew.jpg&quot;,return)</favourite>
    <favourite name="Mobdina" thumb="special://home/addons/plugin.video.mobdina/icon.png" fanart="none">ActivateWindow(videos,&quot;plugin://plugin.video.mobdina?action=index&amp;query=category%2Fsports&quot;,return)</favourite>
    <favourite name="SupraBox" thumb="image://http%3a%2f%2fi.imgur.com%2fYgtB7ba.png/" fanart="none">ActivateWindow(videos,&quot;plugin://plugin.video.suprabox/?url=http%3A%2F%2Flookingglass.rocks%2Fjay77%2Ftesttv.xml&amp;mode=1&amp;name=%5BB%5D%5BCOLOR+white%5DSPORTS%5B%2FCOLOR%5D+%5BCOLOR+silver%5D%5B%2FB%5D%5B%2FCOLOR%5D&amp;description=&amp;fanart=http%3A%2F%2Fi.imgur.com%2F2DmTNUP.jpg&quot;,return)</favourite>
    <favourite name="NetStreams SportsHUB" thumb="special://home/addons/plugin.video.SportsHUB/icon.png" fanart="none">ActivateWindow(videos,&quot;plugin://plugin.video.SportsHUB&quot;,return)</favourite>
</favourites>