<?xml version="1.0" encoding="UTF-8"?>
<addon id="plugin.program.NTV-Hubs"
version="1.0.5"
name="NTV Hubs"
provider-name="primaeval ,Ryski Mod">
<requires>
  <import addon="xbmc.python" version="2.20.0"/>
  <import addon="script.module.xbmcswift2" version="2.4.0"/>
  <import addon="script.module.requests" version="2.9.1" />
   <import addon="repository.GenTec" version="1.1.3" />
</requires>
<extension point="xbmc.python.pluginsource" library="main.py">
  <provides>executable</provides>
</extension>
<extension point="xbmc.addon.metadata">
  <summary lang="en"></summary>
  <description lang="en">Addon to Enable Instant and Silent Hub Updates via the repository. This is for NTV Builds Only </description>
  <disclaimer lang="en">.</disclaimer>
</extension>
</addon>

